loan_id,account_id,amount,duration,payments,status,Date
5314,1787,96396,12,8033,Loan not payed,2016-07-05
5316,1801,165960,36,4610,Contract Finished,2016-07-11
6863,9188,127080,60,2118,Contract Finished,2016-07-28
5325,1843,105804,36,2939,Contract Finished,2016-08-03
7240,11013,274740,60,4579,Contract Finished,2016-09-06
6687,8261,87840,24,3660,Contract Finished,2016-09-13
7284,11265,52788,12,4399,Contract Finished,2016-09-15
6111,5428,174744,24,7281,Loan not payed,2016-09-24
7235,10973,154416,48,3217,Contract Finished,2016-10-13
5997,4894,117024,24,4876,Contract Finished,2016-11-04
7121,10364,21924,36,609,Contract Finished,2016-11-10
6077,5270,79608,24,3317,Contract Finished,2016-11-22
6228,6034,464520,60,7742,Loan not payed,2016-12-01
6356,6701,95400,36,2650,Contract Finished,2016-12-08
5523,2705,93888,36,2608,Contract Finished,2016-12-08
6456,7123,47016,12,3918,Contract Finished,2016-12-09
7104,10320,259740,60,4329,Contract Finished,2016-12-13
6820,9034,38148,12,3179,Contract Finished,2016-12-16
6876,9236,86616,12,7218,Contract Finished,2016-12-21
7097,10266,75624,24,3151,Loan not payed,2016-12-23
4959,2,80952,24,3373,Contract Finished,2017-01-05
6499,7401,80952,24,3373,Contract Finished,2017-01-05
5479,2486,24516,12,2043,Contract Finished,2017-01-10
5170,1071,253200,60,4220,Running Contract,2017-01-20
6721,8475,21072,24,878,Contract Finished,2017-01-21
7259,11111,108144,36,3004,Contract Finished,2017-01-31
5285,1603,78936,12,6578,Contract Finished,2017-02-06
5189,1166,149040,48,3105,Contract Finished,2017-02-07
6650,8073,49320,12,4110,Loan not payed,2017-02-17
7226,10940,197748,36,5493,Contract Finished,2017-02-23
6087,5313,300660,60,5011,Running Contract,2017-02-27
7262,11135,182628,36,5073,Contract Finished,2017-03-01
5519,2694,91632,12,7636,Contract Finished,2017-03-08
6577,7753,51696,24,2154,Contract Finished,2017-03-11
6509,7445,55368,24,2307,Contract Finished,2017-03-15
6520,7485,91200,24,3800,Contract Finished,2017-03-16
6699,8330,7656,24,319,Contract Finished,2017-03-30
6336,6555,212400,36,5900,Contract Finished,2017-03-31
7055,10079,167100,60,2785,Running Contract,2017-04-06
6103,5385,149340,60,2489,Running Contract,2017-04-07
6202,5891,65184,12,5432,Contract Finished,2017-04-18
7066,10131,215388,36,5983,Loan not payed,2017-05-02
6696,8321,89040,60,1484,Running Contract,2017-05-09
6072,5256,193968,36,5388,Contract Finished,2017-05-10
5130,813,24312,12,2026,Contract Finished,2017-05-11
5568,2933,272520,60,4542,Running Contract,2017-05-17
6678,8173,80340,12,6695,Contract Finished,2017-05-20
6998,9833,97632,12,8136,Contract Finished,2017-05-21
6580,7769,196080,48,4085,Contract Finished,2017-05-22
6316,6473,76908,12,6409,Loan not payed,2017-05-26
6512,7454,63312,48,1319,Contract Finished,2017-05-26
6407,6930,25944,24,1081,Contract Finished,2017-05-26
5002,173,104808,12,8734,Contract Finished,2017-05-31
6647,8051,208320,48,4340,Contract Finished,2017-06-01
7137,10439,151560,24,6315,Contract Finished,2017-06-03
6903,9337,52128,24,2172,Contract Finished,2017-06-04
5918,4576,300204,36,8339,Contract Finished,2017-06-04
6642,8027,77640,12,6470,Contract Finished,2017-06-05
6210,5927,87216,48,1817,Loan not payed,2017-06-06
6279,6273,87360,24,3640,Contract Finished,2017-06-07
7249,11065,69360,48,1445,Contract Finished,2017-06-12
6736,8558,288360,60,4806,Running Contract,2017-06-14
6112,5442,174744,24,7281,Loan not payed,2017-06-17
5319,1811,239460,60,3991,Running Contract,2017-06-23
6596,7844,91584,24,3816,Contract Finished,2017-06-25
5837,4260,244560,60,4076,Running Contract,2017-06-29
5657,3354,4980,12,415,Contract Finished,2017-07-05
5533,2762,111384,24,4641,Contract Finished,2017-07-05
6232,6051,276660,36,7685,Loan not payed,2017-07-08
6888,9265,39576,12,3298,Contract Finished,2017-07-11
6066,5228,173808,24,7242,Contract Finished,2017-07-11
5549,2824,50460,60,841,Running Contract,2017-07-16
5060,426,252060,60,4201,Client in debt,2017-07-19
6004,4937,143904,24,5996,Contract Finished,2017-07-23
5126,790,208128,48,4336,Loan not payed,2017-07-24
7220,10911,131292,36,3647,Contract Finished,2017-07-28
6668,8129,74736,36,2076,Contract Finished,2017-07-30
5395,2176,299088,36,8308,Loan not payed,2017-07-30
6836,9093,189300,60,3155,Running Contract,2017-08-03
6064,5215,14628,12,1219,Contract Finished,2017-08-04
6919,9403,120888,36,3358,Contract Finished,2017-08-05
6841,9104,172080,48,3585,Contract Finished,2017-08-07
6038,5120,323472,48,6739,Contract Finished,2017-08-10
6729,8519,74688,12,6224,Contract Finished,2017-08-11
7198,10788,45768,12,3814,Contract Finished,2017-08-23
6686,8260,224604,36,6239,Contract Finished,2017-08-25
5836,4259,79632,24,3318,Contract Finished,2017-08-27
7061,10105,121896,24,5079,Contract Finished,2017-08-27
5595,3050,82896,12,6908,Contract Finished,2017-09-02
5723,3674,23628,12,1969,Contract Finished,2017-09-10
6120,5481,209184,48,4358,Contract Finished,2017-09-11
6895,9307,41904,12,3492,Contract Finished,2017-09-19
5882,4427,87816,12,7318,Contract Finished,2017-09-26
5754,3834,23052,12,1921,Contract Finished,2017-09-28
6594,7824,189696,24,7904,Loan not payed,2017-09-28
6738,8566,230220,36,6395,Loan not payed,2017-09-29
6624,7965,71460,12,5955,Contract Finished,2017-09-30
6216,5952,141240,24,5885,Contract Finished,2017-09-30
6229,6040,11736,24,489,Contract Finished,2017-10-02
5887,4448,192744,36,5354,Contract Finished,2017-10-03
6808,8982,227880,36,6330,Contract Finished,2017-10-12
6297,6363,17508,12,1459,Contract Finished,2017-10-25
5161,1012,98184,24,4091,Contract Finished,2017-10-28
5390,2167,170256,24,7094,Contract Finished,2017-10-30
6150,5622,83016,12,6918,Contract Finished,2017-11-02
6223,5991,61056,48,1272,Contract Finished,2017-11-03
5032,290,123696,48,2577,Contract Finished,2017-11-03
6253,6148,59760,24,2490,Contract Finished,2017-11-04
6460,7133,48672,36,1352,Contract Finished,2017-11-06
6645,8041,140400,36,3900,Contract Finished,2017-11-06
5176,1106,192552,24,8023,Loan not payed,2017-11-12
5269,1527,164052,36,4557,Loan not payed,2017-11-19
5351,1978,205200,36,5700,Contract Finished,2017-12-04
5861,4337,51408,24,2142,Contract Finished,2017-12-08
5450,2345,199680,60,3328,Running Contract,2017-12-11
7142,10451,482940,60,8049,Client in debt,2017-12-19
6306,6425,36684,12,3057,Contract Finished,2017-12-20
6272,6226,398640,60,6644,Running Contract,2017-12-20
5044,344,100980,60,1683,Running Contract,2017-12-21
5576,2962,31248,12,2604,Contract Finished,2017-12-21
7192,10738,115992,36,3222,Contract Finished,2017-12-21
5739,3747,76380,12,6365,Contract Finished,2018-01-02
6526,7523,288468,36,8013,Contract Finished,2018-01-03
5624,3166,177744,48,3703,Client in debt,2018-01-03
6244,6118,270648,36,7518,Loan not payed,2018-01-08
5131,816,48624,24,2026,Contract Finished,2018-01-08
6960,9640,76416,24,3184,Contract Finished,2018-01-11
6358,6715,137880,60,2298,Client in debt,2018-01-14
5418,2245,347952,48,7249,Running Contract,2018-01-16
6598,7857,68112,12,5676,Contract Finished,2018-01-18
5464,2419,95808,12,7984,Contract Finished,2018-01-30
6591,7819,20832,48,434,Running Contract,2018-02-02
5724,3678,316140,60,5269,Client in debt,2018-02-05
6315,6472,43164,12,3597,Contract Finished,2018-02-06
5876,4413,221280,48,4610,Running Contract,2018-02-08
6986,9750,151728,48,3161,Client in debt,2018-02-11
6294,6353,79920,60,1332,Running Contract,2018-02-12
5132,817,538500,60,8975,Running Contract,2018-02-17
5877,4414,97224,24,4051,Contract Finished,2018-02-23
6227,6030,28248,24,1177,Contract Finished,2018-03-04
7241,11021,168984,24,7041,Loan not payed,2018-03-04
6737,8564,76680,24,3195,Contract Finished,2018-03-11
7004,9869,331560,60,5526,Running Contract,2018-03-15
6169,5700,103680,60,1728,Client in debt,2018-03-16
5208,1247,99696,48,2077,Client in debt,2018-03-16
6694,8316,134784,24,5616,Contract Finished,2018-03-19
5599,3064,15420,12,1285,Contract Finished,2018-03-21
6546,7607,31728,24,1322,Contract Finished,2018-03-27
5414,2228,185952,48,3874,Running Contract,2018-03-29
5453,2361,156672,36,4352,Contract Finished,2018-04-01
5740,3752,18564,12,1547,Contract Finished,2018-04-02
5804,4079,158976,48,3312,Running Contract,2018-04-05
6745,8625,47304,24,1971,Contract Finished,2018-04-10
6950,9591,104712,24,4363,Contract Finished,2018-04-11
6996,9828,126600,24,5275,Contract Finished,2018-04-13
5352,1993,68400,12,5700,Loan not payed,2018-04-15
6151,5628,225420,60,3757,Running Contract,2018-04-25
5310,1762,248148,36,6893,Contract Finished,2018-04-28
5045,347,187224,24,7801,Loan not payed,2018-05-01
6929,9472,36396,12,3033,Contract Finished,2018-05-08
5151,960,189060,60,3151,Running Contract,2018-05-24
5212,1256,71064,36,1974,Contract Finished,2018-05-29
5138,854,87216,48,1817,Running Contract,2018-05-30
5713,3629,158760,60,2646,Running Contract,2018-05-30
6704,8377,417060,60,6951,Running Contract,2018-06-01
6474,7190,63360,60,1056,Running Contract,2018-06-06
6676,8159,29784,24,1241,Contract Finished,2018-06-13
6965,9656,139536,24,5814,Contract Finished,2018-06-13
6725,8489,265320,36,7370,Contract Finished,2018-06-23
7166,10630,198240,24,8260,Contract Finished,2018-06-24
7138,10440,60000,60,1000,Running Contract,2018-07-03
5970,4774,465072,48,9689,Running Contract,2018-07-09
6157,5650,98592,24,4108,Contract Finished,2018-07-10
6153,5632,285600,60,4760,Running Contract,2018-07-25
5693,3489,44088,24,1837,Contract Finished,2018-08-01
5922,4580,20220,12,1685,Contract Finished,2018-08-05
5959,4727,107640,24,4485,Contract Finished,2018-08-11
5980,4825,21396,12,1783,Contract Finished,2018-08-18
6764,8776,33984,48,708,Running Contract,2018-08-26
5237,1375,45336,24,1889,Contract Finished,2018-08-29
6726,8492,85860,60,1431,Running Contract,2018-09-03
6933,9493,188688,48,3931,Running Contract,2018-09-09
5145,915,309552,48,6449,Running Contract,2018-09-16
7008,9897,36168,12,3014,Contract Finished,2018-09-22
7227,10942,314520,60,5242,Running Contract,2018-10-02
6600,7861,21852,36,607,Contract Finished,2018-10-08
6712,8405,266220,60,4437,Running Contract,2018-10-14
7057,10093,231696,36,6436,Contract Finished,2018-10-20
7176,10663,260028,36,7223,Contract Finished,2018-10-28
7304,11349,419880,60,6998,Running Contract,2018-10-29
6362,6738,37908,12,3159,Contract Finished,2018-10-31
5880,4423,73836,36,2051,Contract Finished,2018-10-31
6535,7546,41952,12,3496,Contract Finished,2018-11-02
5449,2343,99336,24,4139,Contract Finished,2018-11-04
6342,6609,60156,36,1671,Loan not payed,2018-11-12
5409,2218,182040,60,3034,Running Contract,2018-11-18
6955,9627,244368,48,5091,Running Contract,2018-11-22
6985,9731,113796,36,3161,Contract Finished,2018-11-22
5125,789,73056,48,1522,Running Contract,2018-11-23
5805,4081,137904,24,5746,Loan not payed,2018-11-28
6185,5774,31176,24,1299,Contract Finished,2018-11-28
7243,11042,217152,36,6032,Contract Finished,2018-12-04
6403,6924,194880,48,4060,Running Contract,2018-12-05
6578,7765,27984,12,2332,Contract Finished,2018-12-11
5413,2227,92976,24,3874,Contract Finished,2018-12-12
6949,9583,104712,24,4363,Contract Finished,2018-12-12
6545,7606,191880,60,3198,Running Contract,2018-12-12
6178,5742,232560,48,4845,Running Contract,2018-12-16
5160,1011,204000,60,3400,Running Contract,2018-12-18
6785,8899,125340,60,2089,Running Contract,2018-12-25
6540,7562,309600,48,6450,Running Contract,2018-12-31
6589,7815,189696,24,7904,Contract Finished,2019-01-01
5900,4503,135360,48,2820,Running Contract,2019-01-01
5999,4907,98832,48,2059,Running Contract,2019-01-03
6043,5126,20352,48,424,Running Contract,2019-01-11
5482,2496,165120,60,2752,Running Contract,2019-01-12
7263,11138,89880,24,3745,Contract Finished,2019-01-19
6013,4995,128988,36,3583,Client in debt,2019-02-03
5750,3804,63252,12,5271,Contract Finished,2019-02-08
6027,5066,61656,24,2569,Loan not payed,2019-02-10
6303,6400,72408,24,3017,Loan not payed,2019-02-12
7213,10884,113544,36,3154,Running Contract,2019-02-13
6659,8092,56100,60,935,Running Contract,2019-02-20
6175,5735,290700,60,4845,Client in debt,2019-02-21
5610,3112,123216,48,2567,Running Contract,2019-02-24
5563,2912,380160,60,6336,Running Contract,2019-03-01
5989,4852,213300,36,5925,Running Contract,2019-03-04
6698,8327,247728,48,5161,Running Contract,2019-03-10
5312,1772,202788,36,5633,Running Contract,2019-03-13
7189,10728,154656,48,3222,Running Contract,2019-03-21
6816,9017,100224,48,2088,Client in debt,2019-03-26
6137,5574,44628,12,3719,Contract Finished,2019-04-10
5128,808,215616,48,4492,Client in debt,2019-04-11
5470,2456,200976,48,4187,Running Contract,2019-04-15
5593,3037,277884,36,7719,Client in debt,2019-04-18
5350,1967,249312,48,5194,Running Contract,2019-04-21
6063,5213,320976,48,6687,Client in debt,2019-04-25
6501,7418,30276,12,2523,Loan not payed,2019-04-29
5452,2352,49440,60,824,Running Contract,2019-04-29
4961,19,30276,12,2523,Loan not payed,2019-04-29
4973,67,165960,24,6915,Contract Finished,2019-05-02
6190,5794,123600,60,2060,Running Contract,2019-05-06
6715,8411,220620,60,3677,Running Contract,2019-05-06
5892,4462,66480,24,2770,Loan not payed,2019-05-14
6550,7614,320592,48,6679,Running Contract,2019-05-18
5706,3608,161496,36,4486,Running Contract,2019-05-24
5148,940,284280,60,4738,Running Contract,2019-05-29
6734,8547,173016,36,4806,Running Contract,2019-05-30
6109,5422,368880,60,6148,Running Contract,2019-06-03
6961,9645,176148,36,4893,Running Contract,2019-06-06
6810,9006,186384,48,3883,Running Contract,2019-06-08
5494,2572,360000,48,7500,Running Contract,2019-06-13
5311,1766,30060,60,501,Running Contract,2019-06-15
5445,2322,46320,24,1930,Contract Finished,2019-06-29
5301,1698,141948,36,3943,Running Contract,2019-07-06
7034,10001,19044,36,529,Running Contract,2019-07-11
6751,8680,85716,36,2381,Running Contract,2019-07-14
6667,8127,155880,24,6495,Contract Finished,2019-07-15
6130,5541,32640,48,680,Running Contract,2019-07-18
5429,2268,20196,36,561,Running Contract,2019-07-18
5725,3679,444864,48,9268,Running Contract,2019-07-23
6019,5033,11400,12,950,Contract Finished,2019-07-25
6421,6985,96768,36,2688,Running Contract,2019-07-25
6992,9790,133968,48,2791,Running Contract,2019-07-27
5136,846,187104,24,7796,Contract Finished,2019-07-28
5337,1886,162468,36,4513,Running Contract,2019-07-31
5495,2580,89340,60,1489,Running Contract,2019-08-02
7013,9928,89340,60,1489,Running Contract,2019-08-02
6012,4994,258444,36,7179,Running Contract,2019-08-03
6471,7184,155640,24,6485,Contract Finished,2019-08-04
6296,6358,270384,48,5633,Running Contract,2019-08-06
7305,11359,54024,12,4502,Contract Finished,2019-08-06
6144,5593,44376,12,3698,Contract Finished,2019-08-09
6283,6289,85632,48,1784,Running Contract,2019-08-11
7246,11054,148920,60,2482,Running Contract,2019-08-20
5088,544,91152,24,3798,Contract Finished,2019-08-22
5988,4851,141648,24,5902,Contract Finished,2019-08-22
5282,1583,388512,48,8094,Client in debt,2019-08-24
5938,4650,402000,60,6700,Running Contract,2019-08-25
5606,3084,253512,36,7042,Client in debt,2019-08-28
5385,2143,71460,36,1985,Running Contract,2019-09-09
6865,9199,29448,12,2454,Loan not payed,2019-09-11
5586,2994,48744,36,1354,Running Contract,2019-09-14
6302,6397,181020,60,3017,Running Contract,2019-09-16
7194,10762,68832,36,1912,Running Contract,2019-09-17
6461,7136,74124,36,2059,Running Contract,2019-09-19
6732,8533,174048,48,3626,Running Contract,2019-09-19
6613,7926,84120,24,3505,Contract Finished,2019-09-22
7036,10019,194940,36,5415,Running Contract,2019-09-25
5897,4476,15192,24,633,Contract Finished,2019-09-25
6995,9814,96168,12,8014,Contract Finished,2019-09-26
5415,2236,139464,36,3874,Client in debt,2019-09-26
7136,10436,54396,36,1511,Running Contract,2019-09-28
7271,11186,392460,60,6541,Running Contract,2019-10-02
5375,2106,101520,12,8460,Contract Finished,2019-10-03
5635,3230,77184,36,2144,Running Contract,2019-10-04
6817,9024,70656,48,1472,Running Contract,2019-10-04
5923,4585,64656,48,1347,Running Contract,2019-10-10
5329,1862,396120,60,6602,Running Contract,2019-10-16
6644,8039,93600,24,3900,Contract Finished,2019-10-20
6354,6688,22968,36,638,Running Contract,2019-10-23
5082,501,262980,60,4383,Running Contract,2019-10-24
6585,7795,372120,60,6202,Running Contract,2019-10-29
6921,9422,86184,12,7182,Contract Finished,2019-10-29
5366,2062,86184,12,7182,Contract Finished,2019-10-29
5886,4447,192744,36,5354,Running Contract,2019-10-31
5741,3754,68544,24,2856,Contract Finished,2019-11-03
4996,132,88440,12,7370,Contract Finished,2019-11-06
6015,5001,110112,24,4588,Contract Finished,2019-11-09
6309,6434,110136,24,4589,Contract Finished,2019-11-11
6073,5263,276300,60,4605,Running Contract,2019-11-12
6006,4948,359760,60,5996,Running Contract,2019-11-15
5611,3115,321180,60,5353,Running Contract,2019-11-15
6944,9548,46176,48,962,Running Contract,2019-11-15
7101,10297,421008,48,8771,Running Contract,2019-11-18
6599,7859,72120,12,6010,Contract Finished,2019-11-19
6940,9510,228276,36,6341,Running Contract,2019-11-22
5209,1250,182640,48,3805,Running Contract,2019-11-25
5388,2153,61560,12,5130,Contract Finished,2019-11-28
6011,4981,179328,48,3736,Running Contract,2019-11-28
5591,3021,155616,48,3242,Running Contract,2019-12-04
7154,10520,417600,60,6960,Running Contract,2019-12-05
7130,10411,123408,24,5142,Contract Finished,2019-12-11
6818,9030,155616,48,3242,Running Contract,2019-12-12
5625,3189,222180,60,3703,Client in debt,2019-12-15
6805,8972,45024,48,938,Running Contract,2019-12-21
7233,10963,115812,36,3217,Running Contract,2019-12-25
7308,11362,129408,24,5392,Contract Finished,2019-12-27
5895,4473,93960,60,1566,Running Contract,2020-01-03
7122,10365,260640,36,7240,Client in debt,2020-01-04
6173,5724,232560,48,4845,Running Contract,2020-01-08
6142,5591,221880,60,3698,Running Contract,2020-01-21
5358,2018,38520,12,3210,Contract Finished,2020-01-21
6095,5358,68340,60,1139,Running Contract,2020-01-24
6878,9242,23184,12,1932,Contract Finished,2020-01-24
6554,7637,390096,48,8127,Running Contract,2020-01-29
6793,8931,186300,60,3105,Running Contract,2020-01-30
7286,11271,67320,36,1870,Running Contract,2020-01-31
6076,5269,117420,60,1957,Running Contract,2020-02-02
5134,825,53076,12,4423,Contract Finished,2020-02-02
5419,2246,415800,60,6930,Running Contract,2020-02-05
6255,6158,247920,48,5165,Client in debt,2020-02-08
5656,3353,146064,24,6086,Running Contract,2020-02-09
6934,9494,116832,12,9736,Contract Finished,2020-02-09
6028,5072,317520,60,5292,Running Contract,2020-02-09
6490,7262,73260,60,1221,Running Contract,2020-02-10
6415,6950,475680,48,9910,Running Contract,2020-02-12
7087,10215,44304,24,1846,Running Contract,2020-02-20
5420,2247,72504,24,3021,Running Contract,2020-02-24
5977,4803,59136,48,1232,Running Contract,2020-02-25
6824,9052,71976,24,2999,Client in debt,2020-02-26
5207,1244,35904,48,748,Running Contract,2020-02-28
7115,10351,88704,48,1848,Running Contract,2020-03-04
7250,11069,119136,48,2482,Running Contract,2020-03-04
6010,4969,150180,60,2503,Running Contract,2020-03-06
6088,5317,90180,36,2505,Running Contract,2020-03-07
5682,3455,67464,12,5622,Contract Finished,2020-03-07
7201,10807,67464,12,5622,Contract Finished,2020-03-07
6938,9504,341280,60,5688,Running Contract,2020-03-10
6875,9235,83280,48,1735,Running Contract,2020-03-13
5953,4715,97176,24,4049,Running Contract,2020-03-14
5942,4681,162624,48,3388,Running Contract,2020-03-15
5382,2134,22932,36,637,Running Contract,2020-03-17
6377,6792,17184,12,1432,Contract Finished,2020-03-17
5931,4618,66696,24,2779,Client in debt,2020-03-17
5992,4863,76080,12,6340,Contract Finished,2020-03-18
5790,4033,84288,48,1756,Running Contract,2020-03-20
6753,8688,67980,12,5665,Contract Finished,2020-03-20
6562,7674,94488,24,3937,Running Contract,2020-03-21
7046,10049,91632,12,7636,Contract Finished,2020-03-28
5868,4361,90156,12,7513,Contract Finished,2020-03-29
5784,3967,84600,36,2350,Client in debt,2020-03-29
5878,4415,74040,12,6170,Contract Finished,2020-04-01
5110,675,102240,60,1704,Running Contract,2020-04-01
5210,1252,148140,36,4115,Running Contract,2020-04-01
7230,10954,18720,60,312,Running Contract,2020-04-02
5005,176,27456,12,2288,Contract Finished,2020-04-10
6871,9225,164256,48,3422,Running Contract,2020-04-13
5363,2051,293880,60,4898,Client in debt,2020-04-22
7253,11079,98304,12,8192,Contract Finished,2020-04-26
6055,5181,399120,60,6652,Running Contract,2020-04-28
5072,472,196800,24,8200,Client in debt,2020-04-28
6913,9377,99936,24,4164,Running Contract,2020-04-29
6386,6856,124344,36,3454,Running Contract,2020-04-30
5634,3229,39024,12,3252,Contract Finished,2020-05-01
5758,3859,307200,60,5120,Client in debt,2020-05-02
6819,9031,50112,24,2088,Running Contract,2020-05-03
7088,10233,239160,60,3986,Running Contract,2020-05-03
5039,314,66840,24,2785,Running Contract,2020-05-03
5532,2754,335280,48,6985,Running Contract,2020-05-04
6037,5118,53232,48,1109,Running Contract,2020-05-04
6322,6510,76992,24,3208,Running Contract,2020-05-06
6887,9263,39576,12,3298,Contract Finished,2020-05-08
6660,8094,220428,36,6123,Running Contract,2020-05-09
5451,2350,159744,48,3328,Running Contract,2020-05-11
6014,4999,165168,36,4588,Running Contract,2020-05-18
5556,2872,268320,60,4472,Running Contract,2020-05-19
6346,6649,100260,60,1671,Running Contract,2020-05-22
5850,4293,164196,36,4561,Running Contract,2020-05-22
5940,4660,106944,24,4456,Running Contract,2020-05-28
7119,10361,86880,12,7240,Contract Finished,2020-06-02
5253,1447,100080,48,2085,Running Contract,2020-06-03
6851,9138,272220,60,4537,Client in debt,2020-06-03
6695,8320,309660,60,5161,Running Contract,2020-06-04
6908,9353,188616,24,7859,Running Contract,2020-06-08
7255,11096,213300,60,3555,Running Contract,2020-06-09
5674,3418,207264,48,4318,Running Contract,2020-06-10
6278,6265,87360,24,3640,Running Contract,2020-06-10
5486,2516,466608,48,9721,Running Contract,2020-06-13
5174,1093,385104,48,8023,Running Contract,2020-06-13
6621,7957,42900,12,3575,Contract Finished,2020-06-14
6313,6461,150912,36,4192,Running Contract,2020-06-15
6435,7045,288720,48,6015,Running Contract,2020-06-16
6970,9677,31620,60,527,Running Contract,2020-06-17
6310,6440,34572,12,2881,Contract Finished,2020-06-17
5932,4626,33348,12,2779,Contract Finished,2020-06-18
6877,9241,285240,60,4754,Running Contract,2020-06-19
6763,8772,88272,48,1839,Running Contract,2020-06-19
7085,10202,305424,48,6363,Running Contract,2020-06-19
7049,10063,233424,36,6484,Running Contract,2020-06-24
6959,9633,59448,24,2477,Client in debt,2020-06-30
5214,1270,74772,36,2077,Running Contract,2020-07-01
6350,6678,294384,48,6133,Running Contract,2020-07-09
5063,442,357840,48,7455,Client in debt,2020-07-10
5041,319,369000,60,6150,Running Contract,2020-07-11
5086,525,210384,48,4383,Running Contract,2020-07-16
6942,9513,18324,12,1527,Contract Finished,2020-07-16
5270,1528,191088,48,3981,Running Contract,2020-07-21
6705,8381,333648,48,6951,Client in debt,2020-07-25
7051,10068,77808,12,6484,Contract Finished,2020-07-28
6758,8742,33144,12,2762,Contract Finished,2020-07-29
6249,6138,67608,24,2817,Running Contract,2020-07-30
5808,4099,41856,48,872,Running Contract,2020-07-31
5377,2116,92400,12,7700,Contract Finished,2020-08-04
5446,2334,48312,24,2013,Running Contract,2020-08-04
5856,4320,51360,12,4280,Loan not payed,2020-08-09
4986,97,102876,12,8573,Contract Finished,2020-08-10
7001,9859,300600,60,5010,Running Contract,2020-08-10
6677,8169,97980,60,1633,Running Contract,2020-08-12
6665,8114,99300,60,1655,Running Contract,2020-08-15
5817,4127,100800,24,4200,Client in debt,2020-08-15
6984,9730,116040,60,1934,Running Contract,2020-08-15
6541,7565,153504,48,3198,Running Contract,2020-08-17
5117,718,76944,12,6412,Contract Finished,2020-08-20
6097,5362,202848,48,4226,Running Contract,2020-08-21
5389,2165,78600,24,3275,Running Contract,2020-08-22
7219,10905,57120,48,1190,Running Contract,2020-08-23
6338,6592,390660,60,6511,Running Contract,2020-08-24
6922,9424,83628,36,2323,Running Contract,2020-08-26
5367,2064,83628,36,2323,Running Contract,2020-08-26
5638,3249,68124,12,5677,Contract Finished,2020-08-27
5830,4190,405780,60,6763,Running Contract,2020-08-28
5338,1888,57360,12,4780,Loan not payed,2020-08-30
6007,4949,289920,48,6040,Running Contract,2020-08-30
6612,7907,97392,12,8116,Contract Finished,2020-08-31
5718,3637,14028,12,1169,Contract Finished,2020-09-01
6104,5395,158184,36,4394,Running Contract,2020-09-05
5229,1329,23520,12,1960,Contract Finished,2020-09-06
6625,7966,473280,60,7888,Client in debt,2020-09-07
5206,1242,128544,24,5356,Running Contract,2020-09-07
5963,4746,204780,60,3413,Running Contract,2020-09-07
4990,110,162576,36,4516,Running Contract,2020-09-08
6641,8026,128268,36,3563,Running Contract,2020-09-09
5369,2080,214596,36,5961,Running Contract,2020-09-12
6196,5837,177804,36,4939,Running Contract,2020-09-14
5236,1374,389136,48,8107,Running Contract,2020-09-15
5719,3664,271584,48,5658,Running Contract,2020-09-20
5643,3273,94512,12,7876,Loan not payed,2020-09-21
7050,10065,311232,48,6484,Running Contract,2020-09-23
6355,6699,127200,48,2650,Running Contract,2020-09-24
6688,8268,8616,24,359,Running Contract,2020-09-26
6239,6083,360864,48,7518,Client in debt,2020-09-28
5531,2753,66432,24,2768,Running Contract,2020-09-30
6113,5445,78696,36,2186,Running Contract,2020-10-01
7181,10679,197808,24,8242,Running Contract,2020-10-02
6118,5477,349392,48,7279,Running Contract,2020-10-04
7264,11141,44940,12,3745,Contract Finished,2020-10-07
5343,1906,44952,24,1873,Running Contract,2020-10-08
5051,378,230400,60,3840,Running Contract,2020-10-11
5779,3942,107352,36,2982,Running Contract,2020-10-14
6605,7890,79344,48,1653,Running Contract,2020-10-14
6655,8085,260400,60,4340,Client in debt,2020-10-17
6534,7542,590820,60,9847,Running Contract,2020-10-19
5681,3448,68664,24,2861,Running Contract,2020-10-20
6607,7894,153144,36,4254,Running Contract,2020-10-21
6242,6097,26208,36,728,Running Contract,2020-10-22
7242,11027,48096,24,2004,Running Contract,2020-10-23
7277,11231,89280,12,7440,Contract Finished,2020-10-24
6675,8158,238716,36,6631,Running Contract,2020-11-01
5398,2187,53472,12,4456,Contract Finished,2020-11-04
5956,4725,168264,36,4674,Running Contract,2020-11-04
5731,3711,460980,60,7683,Client in debt,2020-11-05
6956,9631,59448,24,2477,Running Contract,2020-11-09
6437,7052,63972,36,1777,Client in debt,2020-11-09
5447,2335,541200,60,9020,Client in debt,2020-11-12
5973,4784,219456,48,4572,Running Contract,2020-11-24
6075,5267,129312,24,5388,Client in debt,2020-11-26
5281,1580,194256,24,8094,Running Contract,2020-11-27
5103,666,12540,12,1045,Contract Finished,2020-11-28
6468,7176,203940,60,3399,Running Contract,2020-11-30
7209,10857,385560,60,6426,Client in debt,2020-11-30
5584,2986,24792,24,1033,Running Contract,2020-12-06
4988,103,265320,36,7370,Client in debt,2020-12-06
6502,7424,30276,12,2523,Contract Finished,2020-12-08
5651,3329,19248,12,1604,Contract Finished,2020-12-08
4962,25,30276,12,2523,Contract Finished,2020-12-08
5862,4342,100128,24,4172,Running Contract,2020-12-09
7199,10789,45768,12,3814,Contract Finished,2020-12-09
6727,8505,42840,12,3570,Contract Finished,2020-12-10
7279,11244,155760,24,6490,Running Contract,2020-12-11
6544,7594,130464,48,2718,Running Contract,2020-12-11
5933,4631,87528,24,3647,Running Contract,2020-12-13
6574,7745,77544,36,2154,Running Contract,2020-12-20
6399,6902,49320,36,1370,Running Contract,2020-12-21
7187,10711,24180,60,403,Running Contract,2020-12-24
6353,6686,116496,24,4854,Running Contract,2020-12-25
5043,339,468060,60,7801,Running Contract,2020-12-25
5469,2445,293160,60,4886,Running Contract,2020-12-26
5976,4794,465504,48,9698,Client in debt,2020-12-27
6059,5196,79824,12,6652,Contract Finished,2020-12-28
5799,4052,106128,36,2948,Running Contract,2020-12-28
6147,5602,177504,48,3698,Running Contract,2020-12-28
6254,6157,247920,48,5165,Running Contract,2020-12-28
7100,10280,348120,60,5802,Running Contract,2020-12-31
7147,10478,267600,48,5575,Running Contract,2021-01-02
5909,4550,61320,60,1022,Running Contract,2021-01-03
7037,10022,218064,48,4543,Running Contract,2021-01-03
5782,3953,63576,12,5298,Running Contract,2021-01-04
6237,6075,407952,48,8499,Client in debt,2021-01-06
6552,7632,170448,48,3551,Running Contract,2021-01-08
7067,10134,136368,24,5682,Running Contract,2021-01-11
5320,1819,143676,36,3991,Running Contract,2021-01-11
5930,4616,66696,24,2779,Running Contract,2021-01-12
6486,7240,152160,60,2536,Running Contract,2021-01-15
5245,1407,125472,24,5228,Running Contract,2021-01-17
6643,8038,35856,24,1494,Running Contract,2021-01-18
5260,1480,123300,36,3425,Running Contract,2021-01-19
5569,2936,504000,60,8400,Running Contract,2021-01-20
7110,10345,31260,12,2605,Running Contract,2021-01-21
7139,10445,23412,12,1951,Running Contract,2021-01-22
6791,8926,566640,60,9444,Running Contract,2021-01-23
5360,2035,176328,36,4898,Running Contract,2021-01-25
5287,1638,64224,24,2676,Running Contract,2021-01-26
6553,7636,42384,12,3532,Running Contract,2021-01-26
7072,10148,22104,12,1842,Running Contract,2021-01-27
6044,5133,57060,12,4755,Running Contract,2021-01-27
5332,1869,37944,36,1054,Running Contract,2021-01-29
6866,9201,122472,24,5103,Running Contract,2021-02-05
6633,7997,160656,24,6694,Running Contract,2021-02-05
6926,9455,374760,60,6246,Running Contract,2021-02-07
6442,7082,194160,48,4045,Running Contract,2021-02-08
5889,4456,321240,60,5354,Running Contract,2021-02-09
5765,3875,153936,24,6414,Running Contract,2021-02-10
5124,785,156096,36,4336,Running Contract,2021-02-12
5491,2545,428784,48,8933,Running Contract,2021-02-13
6730,8523,93036,12,7753,Running Contract,2021-02-15
7151,10493,133800,24,5575,Running Contract,2021-02-18
5140,873,178500,60,2975,Running Contract,2021-02-24
7171,10650,196224,48,4088,Running Contract,2021-02-24
6568,7713,220440,60,3674,Running Contract,2021-02-25
6861,9179,215040,60,3584,Running Contract,2021-02-28
6855,9153,52236,36,1451,Running Contract,2021-03-01
7129,10404,194280,60,3238,Running Contract,2021-03-01
5384,2142,23328,12,1944,Running Contract,2021-03-07
6859,9167,272220,60,4537,Running Contract,2021-03-07
5772,3906,334620,60,5577,Running Contract,2021-03-08
5665,3390,40632,12,3386,Running Contract,2021-03-11
6495,7274,49044,12,4087,Running Contract,2021-03-12
5061,440,84288,48,1756,Running Contract,2021-03-13
6948,9560,157068,36,4363,Running Contract,2021-03-15
5773,3907,133848,24,5577,Running Contract,2021-03-16
6052,5164,22356,36,621,Running Contract,2021-03-23
6682,8225,36204,12,3017,Client in debt,2021-03-30
6083,5305,240528,48,5011,Running Contract,2021-03-31
6962,9646,279072,48,5814,Running Contract,2021-04-02
5158,1004,188532,36,5237,Running Contract,2021-04-11
6464,7156,49488,24,2062,Running Contract,2021-04-16
5172,1083,50976,36,1416,Running Contract,2021-04-16
5582,2982,41256,12,3438,Running Contract,2021-04-17
6136,5572,140880,60,2348,Running Contract,2021-04-19
6235,6062,321360,60,5356,Running Contract,2021-04-19
6508,7437,110736,48,2307,Running Contract,2021-04-19
4968,38,110736,48,2307,Running Contract,2021-04-19
6632,7990,144960,48,3020,Running Contract,2021-04-23
7195,10774,339168,48,7066,Running Contract,2021-04-23
5525,2720,93888,36,2608,Running Contract,2021-04-27
6320,6495,104964,12,8747,Running Contract,2021-04-28
6766,8784,74352,24,3098,Running Contract,2021-04-28
6872,9227,191580,60,3193,Running Contract,2021-04-29
5906,4533,81144,36,2254,Running Contract,2021-05-05
7172,10652,45720,12,3810,Running Contract,2021-05-07
6571,7733,140064,24,5836,Running Contract,2021-05-12
5616,3143,130896,24,5454,Running Contract,2021-05-15
6312,6453,10944,36,304,Running Contract,2021-05-17
6470,7181,49872,12,4156,Running Contract,2021-05-17
5147,938,22260,60,371,Running Contract,2021-05-21
5501,2622,136344,24,5681,Running Contract,2021-05-21
6436,7049,495180,60,8253,Running Contract,2021-05-22
5699,3562,174960,24,7290,Running Contract,2021-05-24
5313,1776,43200,24,1800,Running Contract,2021-05-27
6234,6061,5148,12,429,Running Contract,2021-05-28
6569,7721,45456,12,3788,Running Contract,2021-05-28
7202,10812,140688,48,2931,Running Contract,2021-05-29
5683,3460,140688,48,2931,Running Contract,2021-05-29
5034,303,112752,36,3132,Running Contract,2021-05-30
5435,2279,314688,48,6556,Running Contract,2021-06-01
5815,4116,151200,36,4200,Running Contract,2021-06-03
5589,3005,390000,48,8125,Running Contract,2021-06-05
6746,8639,185640,60,3094,Running Contract,2021-06-06
6790,8919,76104,24,3171,Running Contract,2021-06-08
6857,9159,69600,48,1450,Running Contract,2021-06-08
6450,7099,234336,48,4882,Running Contract,2021-06-10
7221,10915,152460,60,2541,Running Contract,2021-06-11
5527,2728,156420,60,2607,Running Contract,2021-06-15
5620,3161,30012,12,2501,Running Contract,2021-06-16
6215,5944,78720,48,1640,Running Contract,2021-06-18
7167,10644,269964,36,7499,Running Contract,2021-06-18
5823,4144,212976,36,5916,Running Contract,2021-06-21
6207,5912,184620,60,3077,Running Contract,2021-06-23
6932,9491,225504,48,4698,Running Contract,2021-06-25
5669,3403,71820,36,1995,Running Contract,2021-06-27
5154,993,108720,60,1812,Running Contract,2021-07-01
7168,10645,208332,36,5787,Running Contract,2021-07-05
5585,2988,88608,12,7384,Running Contract,2021-07-08
7200,10799,31140,60,519,Running Contract,2021-07-11
6539,7559,12792,12,1066,Running Contract,2021-07-11
5774,3916,96984,36,2694,Running Contract,2021-07-12
6357,6706,64860,60,1081,Running Contract,2021-07-12
5042,330,331584,48,6908,Running Contract,2021-07-12
5015,226,109344,12,9112,Running Contract,2021-07-12
5354,2000,290820,60,4847,Running Contract,2021-07-14
6054,5180,58764,12,4897,Running Contract,2021-07-16
7295,11328,280440,60,4674,Running Contract,2021-07-18
5365,2055,271260,60,4521,Running Contract,2021-07-19
6755,8713,170700,60,2845,Running Contract,2021-07-24
5991,4858,335184,48,6983,Client in debt,2021-07-27
7035,10005,210744,36,5854,Running Contract,2021-07-29
5893,4467,86184,36,2394,Running Contract,2021-08-03
7164,10613,249792,48,5204,Running Contract,2021-08-15
5304,1718,172272,24,7178,Running Contract,2021-08-20
5561,2910,437460,60,7291,Running Contract,2021-08-29
5520,2699,231168,48,4816,Running Contract,2021-08-30
5241,1389,125472,24,5228,Running Contract,2021-09-02
7096,10257,37812,12,3151,Running Contract,2021-09-02
6078,5283,170832,48,3559,Running Contract,2021-09-09
5046,349,42816,12,3568,Running Contract,2021-09-09
5334,1876,209040,24,8710,Running Contract,2021-09-10
6969,9673,88200,36,2450,Running Contract,2021-09-12
6821,9037,321936,48,6707,Running Contract,2021-09-15
5760,3862,74916,36,2081,Running Contract,2021-09-18
5614,3137,253560,60,4226,Running Contract,2021-09-21
7091,10243,113436,36,3151,Running Contract,2021-09-22
5698,3556,174840,60,2914,Running Contract,2021-09-22
5169,1068,253200,60,4220,Running Contract,2021-09-24
7294,11327,39168,24,1632,Running Contract,2021-09-27
5318,1808,385584,48,8033,Running Contract,2021-09-30
5368,2073,44640,24,1860,Running Contract,2021-10-05
6923,9433,44640,24,1860,Running Contract,2021-10-05
5463,2413,17952,12,1496,Running Contract,2021-10-06
5265,1498,165780,60,2763,Running Contract,2021-10-07
6321,6505,38496,12,3208,Running Contract,2021-10-08
5226,1318,185544,36,5154,Running Contract,2021-10-11
6868,9208,82128,24,3422,Running Contract,2021-10-12
4967,37,318480,60,5308,Client in debt,2021-10-14
5293,1656,189792,48,3954,Running Contract,2021-10-29
5865,4354,327660,60,5461,Running Contract,2021-10-30
5841,4268,41988,12,3499,Running Contract,2021-11-04
5526,2725,69624,36,1934,Running Contract,2021-11-08
6852,9140,16032,48,334,Running Contract,2021-11-10
6469,7180,99744,24,4156,Running Contract,2021-11-17
6168,5698,99216,36,2756,Running Contract,2021-11-21
7292,11317,317460,60,5291,Running Contract,2021-11-22
5036,309,91248,48,1901,Running Contract,2021-11-25
5644,3293,276084,36,7669,Running Contract,2021-11-27
6856,9156,163332,36,4537,Running Contract,2021-12-01
5428,2262,230220,36,6395,Running Contract,2021-12-02
5027,276,160920,36,4470,Running Contract,2021-12-02
4989,105,352704,48,7348,Running Contract,2021-12-05
5221,1284,52512,12,4376,Running Contract,2021-12-05
6402,6922,139488,24,5812,Running Contract,2021-12-06
5346,1928,55632,24,2318,Running Contract,2021-12-06
6748,8645,240900,60,4015,Running Contract,2021-12-08
